segment_id,facies,formation,well_name,depth,GR,PHIND,PE
F2_SHRIMPLIN,2,B4 SH,SHRIMPLIN,2911.0,54.3,11.865,5.1
F2_SHRIMPLIN,2,B4 SH,SHRIMPLIN,2911.5,77.86,11.795,4.0
F2_SHRIMPLIN,2,B4 SH,SHRIMPLIN,2912.0,81.08,11.345,3.6
F2_SHRIMPLIN,2,B4 SH,SHRIMPLIN,2912.5,64.84,10.6,3.3
F2_SHRIMPLIN,2,B4 SH,SHRIMPLIN,2913.0,68.3,10.89,3.5
F2_SHRIMPLIN,2,B4 SH,SHRIMPLIN,2913.5,62.2,11.805,3.4
F2_SHRIMPLIN,2,B4 SH,SHRIMPLIN,2914.0,62.13,12.205,3.4
F2_SHRIMPLIN,2,B4 SH,SHRIMPLIN,2914.5,59.9,12.495,3.4
F2_SHRIMPLIN,2,B4 SH,SHRIMPLIN,2915.0,66.76,12.57,3.3
F2_SHRIMPLIN,2,B4 SH,SHRIMPLIN,2915.5,68.75,12.535,3.4
F2_SHRIMPLIN,2,B4 SH,SHRIMPLIN,2916.0,89.47,13.055,3.3
F2_SHRIMPLIN,2,B4 SH,SHRIMPLIN,2916.5,92.28,14.46,3.3
F2_SHRIMPLIN,2,B4 SH,SHRIMPLIN,2917.0,89.52,15.78,3.2
F2_SHRIMPLIN,2,B4 SH,SHRIMPLIN,2917.5,72.44,15.58,3.3
F2_SHRIMPLIN,2,B4 SH,SHRIMPLIN,2918.0,65.12,15.095,3.2
F2_SHRIMPLIN,2,B4 SH,SHRIMPLIN,2918.5,61.43,14.62,3.2
F2_NEWBY,2,C SH,NEWBY,3009.0,64.84,13.6,3.6
F2_NEWBY,2,C SH,NEWBY,3009.5,65.22,12.6,3.6
F2_NEWBY,2,C SH,NEWBY,3010.0,66.6,13.5,3.5
F2_NEWBY,2,C SH,NEWBY,3010.5,68.59,14.6,3.5
F2_NEWBY,2,C SH,NEWBY,3011.0,73.44,16.7,3.5
F2_NEWBY,2,C SH,NEWBY,3011.5,76.76,16.7,3.4
F2_NEWBY,2,C SH,NEWBY,3012.0,78.76,16.6,3.4
F2_NEWBY,2,C SH,NEWBY,3012.5,80.33,16.15,3.6
F2_NEWBY,2,C SH,NEWBY,3013.0,77.14,15.7,3.7
F2_NEWBY,2,C SH,NEWBY,3013.5,71.91,13.95,3.7
F2_NEWBY,2,C SH,NEWBY,3014.0,68.44,13.0,3.8
F2_NEWBY,2,C SH,NEWBY,3014.5,64.99,11.3,3.8
F2_NEWBY,2,C SH,NEWBY,3015.0,64.47,12.1,3.7
F2_NEWBY,2,C SH,NEWBY,3015.5,64.96,12.15,3.6
F2_NEWBY,2,C SH,NEWBY,3016.0,66.29,12.55,3.4
F2_NEWBY,2,C SH,NEWBY,3016.5,67.6,12.8,3.4
F2_NOLAN,2,B3 SH,NOLAN,2955.5,98.563,10.013,3.711
F2_NOLAN,2,B3 SH,NOLAN,2956.0,102.375,12.424,3.527
F2_NOLAN,2,B3 SH,NOLAN,2956.5,102.188,13.809,3.486
F2_NOLAN,2,B3 SH,NOLAN,2957.0,101.25,13.663,2.959
F2_NOLAN,2,B3 SH,NOLAN,2957.5,102.875,13.462,2.713
F2_NOLAN,2,B3 SH,NOLAN,2958.0,103.25,13.643,2.947
F2_NOLAN,2,B3 SH,NOLAN,2958.5,100.688,12.73,3.074
F2_NOLAN,2,B3 SH,NOLAN,2959.0,95.063,12.404,3.424
F2_NOLAN,2,B3 SH,NOLAN,2959.5,89.0,11.621,3.369
F2_NOLAN,2,B3 SH,NOLAN,2960.0,89.125,11.417,3.596
F2_NOLAN,2,B3 SH,NOLAN,2960.5,83.063,10.498,3.648
F2_NOLAN,2,B3 SH,NOLAN,2961.0,76.563,10.18,3.51
F2_NOLAN,2,B3 SH,NOLAN,2961.5,73.25,10.254,3.242
F2_NOLAN,2,B3 SH,NOLAN,2962.0,79.438,11.018,3.176
F2_NOLAN,2,B3 SH,NOLAN,2962.5,89.0,11.692,3.17
F2_NOLAN,2,B3 SH,NOLAN,2963.0,85.5,12.036,3.131
F2_CROSS_H_CATTLE,2,B1 SH,CROSS H CATTLE,2633.0,120.345,84.4,0.833
F2_CROSS_H_CATTLE,2,B1 SH,CROSS H CATTLE,2633.5,109.836,81.65,0.852
F2_CROSS_H_CATTLE,2,B1 SH,CROSS H CATTLE,2634.0,94.623,65.85,1.234
F2_CROSS_H_CATTLE,2,B1 SH,CROSS H CATTLE,2634.5,85.419,50.85,1.787
F2_CROSS_H_CATTLE,2,B1 SH,CROSS H CATTLE,2635.0,79.451,39.4,2.36
F2_CROSS_H_CATTLE,2,B1 SH,CROSS H CATTLE,2635.5,73.811,31.6,2.806
F2_CROSS_H_CATTLE,2,B1 SH,CROSS H CATTLE,2636.0,69.518,23.85,3.236
F2_CROSS_H_CATTLE,2,B1 SH,CROSS H CATTLE,2636.5,62.166,17.85,3.542
F2_CROSS_H_CATTLE,2,B1 SH,CROSS H CATTLE,2637.0,59.183,13.5,3.762
F2_CROSS_H_CATTLE,2,B1 SH,CROSS H CATTLE,2637.5,61.178,10.35,3.803
F2_CROSS_H_CATTLE,2,B1 SH,CROSS H CATTLE,2638.0,63.124,8.15,3.8
F2_CROSS_H_CATTLE,2,B1 SH,CROSS H CATTLE,2638.5,68.801,7.45,3.776
F2_CROSS_H_CATTLE,2,B1 SH,CROSS H CATTLE,2639.0,74.956,11.0,3.689
F2_CROSS_H_CATTLE,2,B1 SH,CROSS H CATTLE,2639.5,73.741,13.0,3.693
F2_CROSS_H_CATTLE,2,B1 SH,CROSS H CATTLE,2640.0,70.887,15.9,3.59
F2_CROSS_H_CATTLE,2,B1 SH,CROSS H CATTLE,2640.5,66.106,16.25,3.598
F3_SHANKLE,3,C SH,SHANKLE,2946.0,149.65,24.32,2.3
F3_SHANKLE,3,C SH,SHANKLE,2948.0,75.83,34.61,2.8
F3_SHANKLE,3,C SH,SHANKLE,2948.5,66.28,28.99,2.7
F3_SHANKLE,3,C SH,SHANKLE,2949.0,69.44,27.455,2.6
F3_SHANKLE,3,C SH,SHANKLE,2949.5,69.67,24.68,2.6
F3_SHANKLE,3,C SH,SHANKLE,2950.0,72.32,21.265,2.9
F3_SHANKLE,3,C SH,SHANKLE,2950.5,72.26,16.795,3.2
F3_SHANKLE,3,C SH,SHANKLE,2951.0,66.6,13.99,3.3
F3_SHANKLE,3,C SH,SHANKLE,2951.5,66.67,14.42,3.2
F3_SHANKLE,3,C SH,SHANKLE,2952.0,67.49,15.755,3.2
F3_SHANKLE,3,C SH,SHANKLE,2952.5,69.17,17.91,3.0
F3_SHANKLE,3,C SH,SHANKLE,2953.0,67.63,17.22,3.2
F3_SHANKLE,3,C SH,SHANKLE,2953.5,74.65,16.125,3.1
F3_SHANKLE,3,C SH,SHANKLE,2954.0,69.34,16.405,3.1
F3_SHANKLE,3,C SH,SHANKLE,2954.5,67.71,17.57,2.9
F3_SHANKLE,3,C SH,SHANKLE,2955.0,69.85,18.53,3.0
F3_SHRIMPLIN,3,C SH,SHRIMPLIN,2948.5,130.95,12.17,4.2
F3_SHRIMPLIN,3,C SH,SHRIMPLIN,2949.0,127.25,17.585,3.6
F3_SHRIMPLIN,3,C SH,SHRIMPLIN,2949.5,115.33,20.065,3.3
F3_SHRIMPLIN,3,C SH,SHRIMPLIN,2950.0,110.37,19.63,3.2
F3_SHRIMPLIN,3,C SH,SHRIMPLIN,2950.5,95.97,17.945,3.2
F3_SHRIMPLIN,3,C SH,SHRIMPLIN,2951.0,92.1,17.19,3.5
F3_SHRIMPLIN,3,C SH,SHRIMPLIN,2951.5,92.33,16.855,3.6
F3_SHRIMPLIN,3,C SH,SHRIMPLIN,2952.0,84.32,17.04,3.7
F3_SHRIMPLIN,3,C SH,SHRIMPLIN,2952.5,85.93,16.725,3.7
F3_SHRIMPLIN,3,C SH,SHRIMPLIN,2953.0,86.15,16.505,3.7
F3_SHRIMPLIN,3,C SH,SHRIMPLIN,2953.5,87.94,16.735,3.6
F3_SHRIMPLIN,3,C SH,SHRIMPLIN,2954.0,86.68,16.94,3.6
F3_SHRIMPLIN,3,C SH,SHRIMPLIN,2954.5,85.31,17.845,3.5
F3_SHRIMPLIN,3,C SH,SHRIMPLIN,2955.0,86.99,18.455,3.5
F3_SHRIMPLIN,3,C SH,SHRIMPLIN,2955.5,88.41,18.05,3.6
F3_SHRIMPLIN,3,C SH,SHRIMPLIN,2956.0,85.73,15.635,3.8
F3_LUKE_G_U,3,C SH,LUKE G U,2781.5,78.51,5.05,4.5
F3_LUKE_G_U,3,C SH,LUKE G U,2782.0,80.19,9.4,4.2
F3_LUKE_G_U,3,C SH,LUKE G U,2782.5,85.11,13.0,3.9
F3_LUKE_G_U,3,C SH,LUKE G U,2783.0,86.97,16.65,3.4
F3_LUKE_G_U,3,C SH,LUKE G U,2783.5,84.85,18.35,3.2
F3_LUKE_G_U,3,C SH,LUKE G U,2784.0,80.37,19.5,3.1
F3_LUKE_G_U,3,C SH,LUKE G U,2784.5,74.4,20.7,3.0
F3_LUKE_G_U,3,C SH,LUKE G U,2785.0,74.77,20.3,3.0
F3_LUKE_G_U,3,C SH,LUKE G U,2785.5,75.13,18.9,3.1
F3_LUKE_G_U,3,C SH,LUKE G U,2786.0,74.23,17.95,3.2
F3_LUKE_G_U,3,C SH,LUKE G U,2786.5,73.64,16.7,3.2
F3_LUKE_G_U,3,C SH,LUKE G U,2787.0,74.34,16.9,3.3
F3_LUKE_G_U,3,C SH,LUKE G U,2787.5,74.26,17.65,3.3
F3_LUKE_G_U,3,C SH,LUKE G U,2788.0,73.78,18.75,3.2
F3_LUKE_G_U,3,C SH,LUKE G U,2788.5,73.38,18.45,3.2
F3_LUKE_G_U,3,C SH,LUKE G U,2789.0,72.69,18.1,3.1
F3_NEWBY,3,B1 SH,NEWBY,2889.0,84.66,30.2,3.1
F3_NEWBY,3,B1 SH,NEWBY,2889.5,76.48,24.4,3.4
F3_NEWBY,3,B1 SH,NEWBY,2890.0,69.35,18.45,3.5
F3_NEWBY,3,B1 SH,NEWBY,2890.5,63.07,10.55,3.9
F3_NEWBY,3,B1 SH,NEWBY,2891.0,59.01,9.3,4.0
F3_NEWBY,3,B1 SH,NEWBY,2891.5,59.94,8.0,4.1
F3_NEWBY,3,B1 SH,NEWBY,2892.0,61.89,9.45,4.0
F3_NEWBY,3,B1 SH,NEWBY,2892.5,63.84,10.1,3.8
F3_NEWBY,3,B1 SH,NEWBY,2893.0,65.13,10.7,3.8
F3_NEWBY,3,B1 SH,NEWBY,2893.5,65.86,11.2,3.7
F3_NEWBY,3,B1 SH,NEWBY,2894.0,64.98,11.25,3.7
F3_NEWBY,3,B1 SH,NEWBY,2894.5,63.13,11.25,3.6
F3_NEWBY,3,B1 SH,NEWBY,2895.0,61.3,10.65,3.6
F3_NEWBY,3,B1 SH,NEWBY,2895.5,59.07,10.5,3.5
F3_NEWBY,3,B1 SH,NEWBY,2896.0,54.86,9.9,3.4
F3_NEWBY,3,B1 SH,NEWBY,2896.5,52.06,9.45,3.2
F6_NEWBY,6,C LM,NEWBY,3024.5,19.57,7.0,4.5
F6_NEWBY,6,C LM,NEWBY,3025.0,17.32,7.0,4.3
F6_NEWBY,6,C LM,NEWBY,3025.5,17.09,6.1,4.1
F6_NEWBY,6,C LM,NEWBY,3026.0,19.53,5.75,3.9
F6_NEWBY,6,C LM,NEWBY,3026.5,25.62,6.25,3.7
F6_NEWBY,6,C LM,NEWBY,3027.0,33.05,7.85,3.5
F6_NEWBY,6,C LM,NEWBY,3027.5,42.69,9.9,3.4
F6_NEWBY,6,C LM,NEWBY,3028.0,47.37,10.75,3.4
F6_NEWBY,6,C LM,NEWBY,3028.5,47.9,9.9,3.5
F6_NEWBY,6,C LM,NEWBY,3029.0,45.19,8.95,3.6
F6_NEWBY,6,C LM,NEWBY,3029.5,40.54,8.55,3.7
F6_NEWBY,6,C LM,NEWBY,3030.0,38.91,8.45,3.8
F6_NEWBY,6,C LM,NEWBY,3030.5,39.62,8.1,4.1
F6_NEWBY,6,C LM,NEWBY,3031.0,38.84,6.85,4.0
F6_NEWBY,6,C LM,NEWBY,3031.5,37.8,6.0,4.2
F6_NEWBY,6,C LM,NEWBY,3032.0,35.03,5.1,4.2
F6_SHRIMPLIN,6,A1 LM,SHRIMPLIN,2826.5,55.06,9.5,5.6
F6_SHRIMPLIN,6,A1 LM,SHRIMPLIN,2827.0,71.02,8.89,5.4
F6_SHRIMPLIN,6,A1 LM,SHRIMPLIN,2827.5,91.37,8.06,5.3
F6_SHRIMPLIN,6,A1 LM,SHRIMPLIN,2828.0,115.42,6.875,5.3
F6_SHRIMPLIN,6,A1 LM,SHRIMPLIN,2828.5,115.7,6.085,5.2
F6_SHRIMPLIN,6,A1 LM,SHRIMPLIN,2829.0,107.11,6.135,5.6
F6_SHRIMPLIN,6,A1 LM,SHRIMPLIN,2829.5,93.82,6.64,5.6
F6_SHRIMPLIN,6,A1 LM,SHRIMPLIN,2830.0,61.63,6.865,6.1
F6_SHRIMPLIN,6,A1 LM,SHRIMPLIN,2830.5,45.98,6.25,6.2
F6_SHRIMPLIN,6,A1 LM,SHRIMPLIN,2831.0,32.76,6.225,5.8
F6_SHRIMPLIN,6,A1 LM,SHRIMPLIN,2831.5,37.82,6.19,5.7
F6_SHRIMPLIN,6,A1 LM,SHRIMPLIN,2832.0,40.73,6.375,5.5
F6_SHRIMPLIN,6,A1 LM,SHRIMPLIN,2832.5,33.42,6.61,5.4
F6_SHRIMPLIN,6,A1 LM,SHRIMPLIN,2833.0,32.08,7.355,5.3
F6_SHRIMPLIN,6,A1 LM,SHRIMPLIN,2833.5,33.82,8.33,4.9
F6_SHRIMPLIN,6,A1 LM,SHRIMPLIN,2834.0,45.57,8.84,4.7
F6_SHANKLE,6,C LM,SHANKLE,2984.0,38.04,8.405,3.2
F6_SHANKLE,6,C LM,SHANKLE,2984.5,39.18,8.235,3.2
F6_SHANKLE,6,C LM,SHANKLE,2985.0,39.55,8.035,3.3
F6_SHANKLE,6,C LM,SHANKLE,2985.5,37.83,7.68,3.4
F6_SHANKLE,6,C LM,SHANKLE,2986.0,35.09,7.775,3.4
F6_SHANKLE,6,C LM,SHANKLE,2986.5,38.17,7.92,3.6
F6_SHANKLE,6,C LM,SHANKLE,2987.0,37.4,8.16,3.3
F6_SHANKLE,6,C LM,SHANKLE,2987.5,36.2,8.54,3.4
F6_SHANKLE,6,C LM,SHANKLE,2988.0,38.73,8.6,3.4
F6_SHANKLE,6,C LM,SHANKLE,2988.5,36.86,8.9,3.5
F6_SHANKLE,6,C LM,SHANKLE,2989.0,38.24,8.845,3.4
F6_SHANKLE,6,C LM,SHANKLE,2989.5,36.1,8.5,3.4
F6_SHANKLE,6,C LM,SHANKLE,2990.0,38.5,8.25,3.3
F6_SHANKLE,6,C LM,SHANKLE,2990.5,35.87,8.42,3.4
F6_SHANKLE,6,C LM,SHANKLE,2991.0,37.2,8.495,3.3
F6_SHANKLE,6,C LM,SHANKLE,2991.5,39.89,8.695,3.6
F6_LUKE_G_U,6,C LM,LUKE G U,2816.5,39.19,6.1,4.3
F6_LUKE_G_U,6,C LM,LUKE G U,2817.0,43.79,6.55,4.3
F6_LUKE_G_U,6,C LM,LUKE G U,2817.5,51.07,6.9,4.2
F6_LUKE_G_U,6,C LM,LUKE G U,2818.0,49.55,5.75,4.2
F6_LUKE_G_U,6,C LM,LUKE G U,2818.5,42.49,4.85,4.3
F6_LUKE_G_U,6,C LM,LUKE G U,2819.0,48.45,5.05,4.4
F6_LUKE_G_U,6,C LM,LUKE G U,2819.5,54.59,5.45,4.4
F6_LUKE_G_U,6,C LM,LUKE G U,2820.0,56.75,5.45,4.5
F6_LUKE_G_U,6,C LM,LUKE G U,2820.5,48.11,5.5,4.7
F6_LUKE_G_U,6,C LM,LUKE G U,2821.0,41.37,5.65,4.7
F6_LUKE_G_U,6,C LM,LUKE G U,2821.5,40.62,6.0,4.8
F6_LUKE_G_U,6,C LM,LUKE G U,2822.0,43.16,6.35,4.8
F6_LUKE_G_U,6,C LM,LUKE G U,2822.5,46.73,7.1,4.7
F6_LUKE_G_U,6,C LM,LUKE G U,2823.0,51.04,8.15,4.5
F6_LUKE_G_U,6,C LM,LUKE G U,2823.5,54.56,8.2,4.2
F6_LUKE_G_U,6,C LM,LUKE G U,2824.0,53.58,7.8,3.9
