,F2_SHRIMPLIN,F2_NEWBY,F2_NOLAN,F2_CROSS_H_CATTLE,F3_SHANKLE,F3_SHRIMPLIN,F3_LUKE_G_U,F3_NEWBY,F6_NEWBY,F6_SHRIMPLIN,F6_SHANKLE,F6_LUKE_G_U
F2_SHRIMPLIN,0.000000,0.048554,0.131372,0.140513,0.131650,0.153166,0.061028,0.104708,0.295617,0.283877,0.282955,0.239318
F2_NEWBY,0.048554,0.000000,0.118893,0.126623,0.126417,0.173471,0.087109,0.065172,0.303736,0.416671,0.250893,0.385119
F2_NOLAN,0.131372,0.118893,0.000000,0.123605,0.087187,0.024641,0.077235,0.142692,0.516667,0.504154,0.459821,0.594048
F2_CROSS_H_CATTLE,0.140513,0.126623,0.123605,0.000000,0.033401,0.185883,0.141298,0.042991,0.467393,0.565919,0.409901,0.542391
F3_SHANKLE,0.131650,0.126417,0.087187,0.033401,0.000000,0.127000,0.077806,0.079068,0.484821,0.595670,0.427976,0.562202
F3_SHRIMPLIN,0.153166,0.173471,0.024641,0.185883,0.127000,0.000000,0.105680,0.240470,0.553274,0.546454,0.496429,0.630655
F3_LUKE_G_U,0.061028,0.087109,0.077235,0.141298,0.077806,0.105680,0.000000,0.159420,0.412461,0.326407,0.391667,0.368487
F3_NEWBY,0.104708,0.065172,0.142692,0.042991,0.079068,0.240470,0.159420,0.000000,0.192007,0.347586,0.172195,0.227166
F6_NEWBY,0.295617,0.303736,0.516667,0.467393,0.484821,0.553274,0.412461,0.192007,0.000000,0.181220,0.036875,0.043247
F6_SHRIMPLIN,0.283877,0.416671,0.504154,0.565919,0.595670,0.546454,0.326407,0.347586,0.181220,0.000000,0.286012,0.096903
F6_SHANKLE,0.282955,0.250893,0.459821,0.409901,0.427976,0.496429,0.391667,0.172195,0.036875,0.286012,0.000000,0.098483
F6_LUKE_G_U,0.239318,0.385119,0.594048,0.542391,0.562202,0.630655,0.368487,0.227166,0.043247,0.096903,0.098483,0.000000
