segment_id,facies,nearest_neighbor,neighbor_facies,distance,same_facies
F2_SHRIMPLIN,2,F2_NEWBY,2,0.614085,True
F2_NEWBY,2,F3_NEWBY,3,0.484027,False
F2_NOLAN,2,F2_SHRIMPLIN,2,0.779325,True
F2_CROSS_H_CATTLE,2,F3_NEWBY,3,1.311513,False
F3_SHANKLE,3,F3_LUKE_G_U,3,0.880394,True
F3_SHRIMPLIN,3,F2_NOLAN,2,0.817741,False
F3_LUKE_G_U,3,F2_SHRIMPLIN,2,0.810204,False
F3_NEWBY,3,F2_NEWBY,2,0.484027,False
F6_NEWBY,6,F6_SHANKLE,6,0.594196,True
F6_SHRIMPLIN,6,F6_LUKE_G_U,6,1.548505,True
F6_SHANKLE,6,F6_NEWBY,6,0.594196,True
F6_LUKE_G_U,6,F6_NEWBY,6,1.007228,True
