segment_id,facies,nearest_neighbors,neighbor_facies,distance,facies_credit,tie_count
F2_SHRIMPLIN,2,F2_NEWBY,2,1.271429,1.000000,1
F2_NEWBY,2,F2_SHRIMPLIN,2,1.271429,1.000000,1
F2_NOLAN,2,F3_SHRIMPLIN,3,0.633333,0.000000,1
F2_CROSS_H_CATTLE,2,F3_SHANKLE,3,1.057143,0.000000,1
F3_SHANKLE,3,F2_CROSS_H_CATTLE,2,1.057143,0.000000,1
F3_SHRIMPLIN,3,F2_NOLAN,2,0.633333,0.000000,1
F3_LUKE_G_U,3,F2_NOLAN,2,1.814286,0.000000,1
F3_NEWBY,3,F2_CROSS_H_CATTLE,2,1.257143,0.000000,1
F6_NEWBY,6,F6_SHANKLE,6,1.095238,1.000000,1
F6_SHRIMPLIN,6,F6_LUKE_G_U,6,2.295238,1.000000,1
F6_SHANKLE,6,F6_NEWBY,6,1.095238,1.000000,1
F6_LUKE_G_U,6,F6_NEWBY,6,1.357143,1.000000,1
