seed,nn_accuracy_tie_aware,first_neighbor_agreement_tie_aware,within_distance,between_distance,separation_ratio,pearson_distance_correlation,original_runtime_ms,reduced_runtime_ms
0,0.500000,0.625000,2.952381,5.684524,1.925403,0.792443,104.587700,28.164660
1,0.500000,0.541667,2.968254,5.336310,1.797794,0.796398,104.845180,27.992420
2,0.416667,0.583333,2.920635,4.961310,1.698709,0.817172,106.263620,31.999760
3,0.500000,0.583333,2.801587,5.607143,2.001416,0.800634,260.014700,38.745300
4,0.541667,0.666667,3.166667,5.910714,1.866541,0.681615,247.179620,37.992960
5,0.583333,0.500000,2.761905,5.502976,1.992457,0.803884,233.302520,36.554280
6,0.500000,0.625000,2.984127,5.357143,1.795213,0.789098,277.904740,37.335440
7,0.500000,0.583333,2.896825,5.633929,1.944863,0.788000,244.922600,39.566480
8,0.500000,0.583333,2.777778,5.497024,1.978929,0.795013,291.267100,42.880060
9,0.458333,0.666667,2.738095,6.133929,2.240217,0.791069,273.896640,48.630320
10,0.541667,0.666667,3.174603,5.922619,1.865625,0.699594,262.262800,39.534480
11,0.416667,0.583333,2.857143,5.669643,1.984375,0.746222,274.983420,41.479640
12,0.416667,0.583333,2.809524,5.845238,2.080508,0.802189,260.456680,37.158180
13,0.500000,0.583333,2.746032,5.630952,2.050578,0.767306,258.778580,38.378880
14,0.583333,0.666667,3.222222,5.928571,1.839901,0.668328,234.847200,40.228480
15,0.500000,0.666667,2.952381,5.482143,1.856855,0.799510,277.259560,42.197780
16,0.416667,0.500000,2.730159,6.107143,2.236919,0.611715,256.716100,37.161720
17,0.500000,0.583333,2.984127,5.422619,1.817154,0.779803,239.145640,36.649660
18,0.583333,0.625000,3.277778,6.107143,1.863196,0.733345,257.008060,39.063240
19,0.500000,0.666667,2.904762,6.264881,2.156762,0.600061,287.512900,47.233780
20,0.500000,0.500000,2.849206,5.860119,2.056755,0.791490,322.736860,48.225500
21,0.458333,0.458333,2.658730,6.752976,2.539925,0.550287,270.324580,49.835100
22,0.541667,0.708333,3.079365,6.133929,1.991946,0.780952,273.813740,44.340820
23,0.583333,0.583333,2.706349,5.294643,1.956378,0.830962,266.036220,39.610280
24,0.541667,0.666667,3.761905,6.214286,1.651899,0.629190,259.054000,45.068360
25,0.416667,0.666667,2.960317,5.520833,1.864946,0.767024,258.130580,38.669640
26,0.500000,0.625000,2.992063,5.479167,1.831233,0.802977,279.327560,45.415800
27,0.458333,0.583333,2.619048,5.136905,1.961364,0.820989,274.149580,38.699740
28,0.375000,0.666667,3.071429,5.544643,1.805233,0.770382,266.316500,41.450080
29,0.541667,0.666667,2.809524,5.553571,1.976695,0.809929,257.241000,40.756440
